순위,기사 제목,기사 작성일
1,"결혼 앞둔 20대 어린이집 교사, 삶의 끝에서 5명에게 장기기증",2025-03-20 00:09
2,아파트서 여성 차량에 체액 묻히고 도주…잡고 보니 입주민,2025-03-20 00:51
3,계란 봉변 당한 민주당 백혜련 의원,2025-03-20 01:02
4,급격히 늘어난 수도사용량…검침원이 80대 독거노인 생명 구해,2025-03-20 01:57
5,토허제 홍역 오세훈 압수수색…서울시 '뒤숭숭'·수사향배 주목(종합),2025-03-20 02:40
6,600억대 '개그맨 사칭 리딩방' 사건…1년 만에 수사 중단,2025-03-19 23:40
7,로비에 마중 나온 이재용 회장과 인사하는 이재명 대표,2025-03-20 01:48
8,[전문] 여야 국민연금 개혁 관련 합의문,2025-03-20 02:57
9,"18년 만의 연금개혁…여야, 보험료율 13%·소득대체율 43% 합의(종합)",2025-03-20 03:30
10,"""졸음운전 하다 4명 사망""…제주 중앙선 침범사고 운전자 구속",2025-03-20 02:06
11,"양재웅 측, 인권위 수사의뢰에 ""불복 절차 진행할 것""",2025-03-20 03:05
12,"검찰, '마약 투약 자수' 래퍼 식케이에 징역 3년6개월 구형",2025-03-20 03:41
13,홍천 리조트 기숙사서 다투다 룸메이트 숨지게 한 60대 조사 중,2025-03-19 22:24
14,"계란 아닌 폭발물이었다면…경찰, 헌재 앞 경비 실패 논란",2025-03-20 03:04
15,"핀란드, 8년째 '가장 행복한 국가'…韓 58위, 美 역대 최저 24위",2025-03-20 03:23
16,중화권서도 '故김새론 교제 논란' 김수현 광고 철회 잇따라,2025-03-20 02:26
17,'더 내고 더 받는' 연금개혁 결실…28년 만에 보험료 오른다,2025-03-20 03:12
18,'헌재 앞 시위자 강제해산' 상인들 반기면서도 한숨짓는 이유,2025-03-20 04:12
19,에어포켓이 살렸다…노르웨이서 눈사태에 묻혔다 7시간만에 생환,2025-03-20 02:40
